Headline,Category,Name,Country,Region,Continent,Site,Collected
"Nigeria must actively join fourth industrial revolution in 2022 ‚Äî Blockchain Tech Expert, Keith Mali",none,Vanguard,Nigeria,West Africa,Africa,https://www.vanguardngr.com/,20220117
Citizens Want Patriots Remembered Nationally,none,The Inquirer,Liberia,West Africa,Africa,https://www.theinquirernewspaper.com/,20220117
How soldiers shot at traffic officer towing army vehicle,none,The Daily Monitor,Uganda,East Africa,Africa,https://www.monitor.co.ug/,20220117
Ethiopia lashes out at WHO chief for Tigray war remarks,none,Garowe Online,Somalia,East Africa,Africa,https://www.garoweonline.com/en,20220117
OIC condemns terrorist attack in Somalia,none,Mareeg,Somalia,East Africa,Africa,https://mareeg.com/news/somalia/,20220117
IGAD Condemns Mogadishu Terror Attack,none,Ethiopian Monitor,Ethiopia,East Africa,Africa,https://ethiopianmonitor.com/,20220117
Is judiciary to blame for hate speech impasse?,none,The Star,Kenya,East Africa,Africa,https://www.the-star.co.ke/,20220117
Luna Al-Shebl: Breaking the blockade is one of the Syrian state‚Äôs defensive ways to confront the war,none,Syria Times,Syria,Middle East,MENA,http://syriatimes.sy/index.php/news/national,20220120
France announces departure of 300 mercenaries from eastern Libya,none,The Libya Observer,Libya,North Africa,MENA,https://www.libyaobserver.ly/,20220120
JMC announces deportation of 300 mercenaries belong to Haftar's forces,none,The Libya Observer,Libya,North Africa,MENA,https://www.libyaobserver.ly/,20220120
Egypt condemns Houthi terrorist attack on UAE after 3 killed in oil tanker explosions,none,Ahram Online,Egypt,North Africa,MENA,https://english.ahram.org.eg/Portal/1/Egypt.aspx,20220120
Revealing The Details On Cllr./Dr. Arthur T. Johnson Book On War &‚Ä¶,none,FrontPage Africa,Liberia,West Africa,Africa,https://frontpageafricaonline.com/,20220124
"Peter Moyo, Ngwazi take sungura war to Chiweshe",none,NewsDay,Zimbabwe,East Africa,Africa,https://www.newsday.co.zw/,20220124
UN condemns deadly air strike on Yemen prison,none,NewsDay,Zimbabwe,East Africa,Africa,https://www.newsday.co.zw/,20220124
"VIDEO: Innocent Beninese tiler jailed after ENDSARS protest, freed 14 months later",none,The Punch,Nigeria,West Africa,Africa,https://punchng.com/,20220124
"US, Russia hold last-ditch talks on Ukraine war fears",none,The Citizen,Tanzania,East Africa,Africa,https://www.thecitizen.co.tz/,20220124
Tackling insurgency and terrorism,none,The Punch,Nigeria,West Africa,Africa,https://punchng.com/,20220124
Tripoli court issues death penalty for Jihadi who fought government forces in Benghazi,none,The Libya Times,Libya,North Africa,MENA,https://www.libyatimes.net/,20220124
"Egypt, EU to run for president of Global Counter-Terrorism Forum‚Äôs coordinating committee meeting",none,Egypt Today,Egypt,North Africa,MENA,https://www.egypttoday.com/Section/News/1,20220124
CRASHED WORLD WAR II AIRCRAFT FOUND IN INDIA AFTER 77 YEARS,none,Cedar News,Lebanon,Middle East,MENA,https://cedarnews.net/category/english/,20220124
"DEAR CANADA, PLEASE DO NOT GIVE WAR CRIMINALS VISAS TO YOUR...",none,The Rwandan,Rwanda,East Africa,Africa,https://www.therwandan.com/,20220125
The art of media warfare,none,Granma,Cuba,Caribbean,Latin America,https://en.granma.cu/,20220125
Opinion | Thankful for Three Women: More Misuse of Mexico‚Äôs Organized Crime Law,none,Mexico Today,Mexico,North America,Latin America,https://mexicotoday.com/,20220125
Budget cuts in 2020 may have be larger.- think tank,none,Mexico Today,Mexico,North America,Latin America,https://mexicotoday.com/,20220125
"Bogot√° Nights: Last night‚Äôs riots, and why Colombia?",none,The Bogot· Post,Colombia,South America,Latin America,https://thebogotapost.com/,20220125
Is the Colombia-Venezuela border the next Cold War flashpoint?,none,The City Paper Bogot·,Colombia,South America,Latin America,https://thecitypaperbogota.com/,20220125
Unconventional Warfare against Venezuela: A Conversation with Pasqualina Curcio (Part I),none,Venezuelanalysis,Venezuela,South America,Latin America,https://venezuelanalysis.com/,20220125
Lasso says that there is talk of a ‚ÄòPlan Ecuador‚Äô to fight drug trafficking,none,The Cuenca Dispatch,Ecuador,South America,Latin America,https://thecuencadispatch.com/,20220125
Australia refuses to release dossiers on its role in 1973 coup,none,Chile Today,Chile,South America,Latin America,https://chiletoday.cl/,20220126
The forced immigration of the slave trade in Brazil,none,The Brazilian Report,Brazil,South America,Latin America,https://brazilian.report/,20220126
Salvadoran Civil War-Era Kidnapping Case Closed with Apology,none,El Faro,El Salvador,Central America,Latin America,https://elfaro.net/es/casos/ef_english,20220126
"Residents of Temixco, Morelos protest against Canadian company √Ålamos Gold Esperanza Silver",none,Mexico Daily Post,Mexico,North America,Latin America,https://mexicodailypost.com/,20220126
From Emancipation to Independence: An outline of riots and disturbances in Guyana,none,Stabroek News,Guyana,South America,Latin America,https://www.stabroeknews.com/,20220126
Is the Colombia-Venezuela border the next Cold War flashpoint?,none,The City Paper Bogot·,Colombia,South America,Latin America,https://thecitypaperbogota.com/,20220126
Source of terrorism,none,Saudi Gazette,Saudi Arabia,Middle East,MENA,https://saudigazette.com.sa/,20220126
"Kuwaiti jailed for kidnapping, torturing sister for over 9 years",none,Arab Times,Kuwait,Middle East,MENA,http://www.arabtimesonline.com/news/#,20220126
Reps seek total UN sanction for Burkina Faso over coup,none,The Punch,Nigeria,West Africa,Africa,https://punchng.com/,20220127
The war in the minds of the men,none,Awoko Times,Sierra Leone,West Africa,Africa,https://awokonewspaper.sl/,20220127
International community united in condemning Burkina Faso coup,none,The Citizen,Tanzania,East Africa,Africa,https://www.thecitizen.co.tz/,20220127
Portuguese Man-O-War Invade Beaches,none,Ambergris Today,Belize,Central America,Latin America,https://www.ambergristoday.com/,20220128
"Central America Needs a Commission to Prosecute Corruption, Not a War on Migration",none,El Faro,El Salvador,Central America,Latin America,https://elfaro.net/es/casos/ef_english,20220128
Background to the Coup d‚Äô√©tat conspiracy of 1962,none,Daily Mirror,Sri Lanka,South Asia,Asia,https://www.dailymirror.lk/,20220128
'Massive amendments to bring revolution in criminal justice system': PM Imran Khan,none,The News International,Pakistan,South Asia,Asia,https://www.thenews.com.pk/latest/category/national,20220128
"PZ vs QG: Peshawar win toss, put Quetta to bat",none,The News International,Pakistan,South Asia,Asia,https://www.thenews.com.pk/latest/category/national,20220128
1962 Coup: Disgruntlement Within Army and Police Top Brass,none,Daily Mirror,Sri Lanka,South Asia,Asia,https://www.dailymirror.lk/,20220128
"Libyan heritage in danger since the revolution, archaeologists warn",none,Libya Herald,Libya,North Africa,MENA,https://www.libyaherald.com/,20220129
U.S. Mission to OSCE makes statement on January unrest in Kazakhstan,none,Kazakhstan Today,Kazakhstan,Central Asia,Asia,https://www.kt.kz/eng,20220129
"War in Ukraine would change Slovakia, too",none,The Slovak Spectator,Slovakia,Eastern Europe,Europe,https://spectator.sme.sk/,20220130
Fidesz MEP slams leftist opposition for thwarting proposal on Islamist terrorism,none,Budapest Times,Hungary,Eastern Europe,Europe,https://www.budapesttimes.hu/,20220130
A War That Is Both Impossible and Imminent,none,The Moscow Times,Russia,Eastern Europe,Europe,https://www.themoscowtimes.com/,20220130
Thousands protest COVID mandates and restrictions in Ottawa,none,Japan Today,Japan,East Asia,Asia,https://japantoday.com/,20220131
Why North Korea is suddenly testing missiles at breakneck speed,none,NK News,North Korea,East Asia,Asia,https://www.nknews.org/,20220131
"Suspected herdsmen gang rape, kill housewife in Ondo",none,Vanguard,Nigeria,West Africa,Africa,https://www.vanguardngr.com/,20220201
420 soldiers complete Mountain Warfare Technical Course at Karugutu,none,The Daily Monitor,Uganda,East Africa,Africa,https://www.monitor.co.ug/,20220201
LETTER: Ramaphosa vs Sisulu scold war: what about SA‚Äôs interests?,none,IOL Daily News,South Africa,South Africa,Africa,https://www.iol.co.za/dailynews,20220201
Iran condemns airstrikes on Yemen,none,Tehran Times,Iran,Middle East,MENA,https://www.tehrantimes.com/,20220201
"Cairo court sentences 10 to death over terrorism charges, including Yehia Moussa",none,Ahram Online,Egypt,North Africa,MENA,https://english.ahram.org.eg/Portal/1/Egypt.aspx,20220201
"Houthi terror attacks on Abu Dhabi: UAE will do what it must to keep its citizens, expats safe",none,Khaleej Times,UAE,Middle East,MENA,https://www.khaleejtimes.com/uae,20220201
Amnesty to release ‚Äòapartheid‚Äô report despite¬†Israeli protest,none,Jordan Times,Jordan,Middle East,MENA,https://www.jordantimes.com/,20220201
Iran demands UN intervention to end Yemen war,none,Iran Front Page,Iran,Middle East,MENA,https://ifpnews.com/,20220201
Ghani in Munich and war on terror,none,Afghanistan Times,Afghanistan,South Asia,Asia,https://www.afghanistantimes.af/,20220201
TAIPEI (Taiwan News) ‚Äî A Patriot missile base was one of the stops on Pres...,none,Taiwan News,Taiwan,East Asia,Asia,https://www.taiwannews.com.tw/en/index,20220201
New in Northeast | Kidnapping eventually turns to straying,none,Hindustan Times,India,South Asia,Asia,https://www.hindustantimes.com/,20220201
Diplomacy over War; Truth over Lies,none,The Romania Journal,Romania,Eastern Europe,Europe,https://www.romaniajournal.ro/,20220201
on the brink of war,none,⁄ltimas Noticias,Venezuela,South America,Latin America,https://en.ultimasnoticias.com.ve/,20220202
Rape stalks women in Central African Republic‚Äôs ‚Äòdirty war‚Äô,none,The Citizen,Tanzania,East Africa,Africa,https://www.thecitizen.co.tz/,20220203
2021 CPI: Is Nigeria losing the war against corruption?,none,The Punch,Nigeria,West Africa,Africa,https://punchng.com/,20220203
Iran begins festivities marking 43rd Islamic Revolution anniversary,none,Iran Daily,Iran,Middle East,MENA,https://irandaily.ir/Service/3.html,20220203
Digital warfare tech at sea helping US foes evade sanctions,none,Daily Tribune,Bahrain,Middle East,MENA,https://www.newsofbahrain.com/,20220203
How Shark Tank India captured the imagination of a business-agnostic country,none,Hindustan Times,India,South Asia,Asia,https://www.hindustantimes.com/,20220204
‚ÄòAn artist‚Äôs protest is in their art‚Äô,none,The Daily Star,Bangladesh,South Asia,Asia,https://www.thedailystar.net/english,20220204
"War is not on our minds, Ukrainian students in Pre≈°ov say",none,The Slovak Spectator,Slovakia,Eastern Europe,Europe,https://spectator.sme.sk/,20220204
How War Would Change Russia,none,The Moscow Times,Russia,Eastern Europe,Europe,https://www.themoscowtimes.com/,20220204
Report: Who is Daesh leader killed in US operation in Syria?,none,Iran Front Page,Iran,Middle East,MENA,https://ifpnews.com/,20220204
"Tackling terror, a joint responsibility",none,Daily Tribune,Bahrain,Middle East,MENA,https://www.newsofbahrain.com/,20220204
"Workshop: Training Egyptian journos on do's & don'ts when covering victims of irregular migration, human trafficking",none,Egypt Today,Egypt,North Africa,MENA,https://www.egypttoday.com/Section/News/1,20220204
Ethiopia's holy town of Lalibela struggles to heal wounds of war,none,Gulf Daily News,Bahrain,Middle East,MENA,https://www.gdnonline.com/GroupSection/News,20220204
Kosovo Confirms Jailing of Serb Ex-Policemen for War Crimes,none,Balkan Insight (Kosovo),Kosovo,Southern Europe,Europe,https://balkaninsight.com/balkan-transitional-justice-home/balkan-transitional-justice-kosovo-news/,20220205
"Rupture in USR. Chair Ciolos threatens with resignation, at war with‚Ä¶",none,The Romania Journal,Romania,Eastern Europe,Europe,https://www.romaniajournal.ro/,20220205
Two Victims of the past War identified in BiH,none,Sarajevo Times,Bosnia and Herzegovina,Southern Europe,Europe,https://sarajevotimes.com/,20220205
Kosovo War Veterans‚Äô Leader ‚ÄòTrapped‚Äô by Leaked Documents,none,Balkan Insight (Kosovo),Kosovo,Southern Europe,Europe,https://balkaninsight.com/balkan-transitional-justice-home/balkan-transitional-justice-kosovo-news/,20220205
BIRN Exhibition and Book Tells Stories of War Reporters‚Äô Deaths,none,Balkan Insight (Serbia),Serbia,Southern Europe,Europe,https://balkaninsight.com/balkan-transitional-justice-home/balkan-transitional-justice-serbia-news/,20220205
"Kosovo War Crime Victims Failing to Get Compensation, Official Warns",none,Balkan Insight (North Macedonia),North Macedonia,Southern Europe,Europe,https://balkaninsight.com/all-the-news-from-north-macedonia/,20220207
AT News KABUL: Alone Islamic State bomber killed carried out the attack at the Kabul airport in Augu‚Ä¶,none,Afghanistan Times,Afghanistan,South Asia,Asia,https://www.afghanistantimes.af/,20220207
"Covid-19: Omicron variant not a ‚Äòconspiracy‚Äô to call off Hari Raya celebrations, says Khairy",none,The Star,Malaysia,Southeast Asia,Asia,https://www.thestar.com.my/,20220207
"Find abducted Marsabit trader, leaders tell police",none,Daily Nation,Kenya,East Africa,Africa,https://nation.africa/kenya,20220207
Why Russia is winning the information war in Slovakia,none,The Slovak Spectator,Slovakia,Eastern Europe,Europe,https://spectator.sme.sk/,20220207
Kanye West Calls Out Kim Kardashian For ‚ÄòKidnapping‚Äô Their Daughter,none,Daily Guide,Ghana,West Africa,Africa,https://dailyguidenetwork.com/,20220207
Event in Paris marks 200 years since Greek War of Independence,none,eKathimerini,Greece,Southern Europe,Europe,https://www.ekathimerini.com/,20220207
UNSC members say ‚Äòsilence‚Äô risks normalizing North Korean missile tests,none,NK News,North Korea,East Asia,Asia,https://www.nknews.org/,20220207
Shark Tank contestant: Ashneer said none would wear my clothes but his wife did,none,Hindustan Times,India,South Asia,Asia,https://www.hindustantimes.com/,20220207
Ansarallah‚Äôs missile attacks on UAE redefines West Asia: Singaporean researcher,none,Tehran Times,Iran,Middle East,MENA,https://www.tehrantimes.com/,20220207
"Frankly Speaking: Terror threat won‚Äôt deter British investment expansion in the Middle East, UK trade official says",none,Arab News,Saudi Arabia,Middle East,MENA,https://www.arabnews.com/,20220207
Don‚Äôt be fooled by the ‚Äòscarecrow‚Äô of Sunni extremism,none,Arab News,Saudi Arabia,Middle East,MENA,https://www.arabnews.com/,20220207
"O patriots & associations, don‚Äôt leave us in the wild!",none,Arab Times,Kuwait,Middle East,MENA,http://www.arabtimesonline.com/news/#,20220207
Mayors protest Bolsonaro move to grant wage bump to teachers,none,The Brazilian Report,Brazil,South America,Latin America,https://brazilian.report/,20220207
"Somalia, Russia discuss war on terrorism",none,Mareeg,Somalia,East Africa,Africa,https://mareeg.com/news/somalia/,20220207
Kuwait Bans Gal Gadot's New Movie After Social Media Protest Against Israeli Star,none,Haaretz,Israel,Middle East,MENA,https://www.haaretz.com/,20220209
Arrest in north after Turkish Cypriot businessman...,none,Cyprus Mail,Cyprus,Southern Europe,Europe,https://cyprus-mail.com/,20220209
A legislative crisis that threatened the presidency of Honduras' first woman president is resolved as rebel lawmaker signs deal to withdraw his claim to be speaker of Congress.,none,Buenos Aires Times,Argentina,South America,Latin America,https://www.batimes.com.ar/,20220209
"SHC CJ takes notice of Naukot rape, kidnapping incident",none,The Express Tribune,Pakistan,South Asia,Asia,https://tribune.com.pk/,20220209
Turkish Cypriot casino owner shot dead,none,H¸rriyet Daily News,Turkey,Middle East,MENA,https://www.hurriyetdailynews.com/,20220209
Petkov called Kovacevski to protest against an alleged family incident involving a Bulgarian activist in Bitola,none,Republika English,North Macedonia,Southern Europe,Europe,https://english.republika.mk/,20220209
IDF reveals its artificial intelligence war data ‚Äòfactory‚Äô,none,The Jerusalem Post,Israel,Middle East,MENA,https://www.jpost.com/,20220209
Subcontractor provided inferior Chinese parts to Taiwan‚Äôs Sky Bow missile program,none,Taiwan News,Taiwan,East Asia,Asia,https://www.taiwannews.com.tw/en/index,20220209
India asks its citizens in Canada to ‚Äòremain alert‚Äô amid truckers protest,none,Hindustan Times,India,South Asia,Asia,https://www.hindustantimes.com/,20220209
Carl Runefelt Pumps 100x To His Crypto Portfolio As Bitcoin TanksÔøº,none,Arab Times,Kuwait,Middle East,MENA,http://www.arabtimesonline.com/news/#,20220209
Pirates legend blasts coach over Gaba snub,none,The Nation,Malawi,East Africa,Africa,https://www.mwnation.com/,20220209
Notes on the ideology of the Cuban Revolution,none,Granma,Cuba,Caribbean,Latin America,https://en.granma.cu/,20220209
Bennett Calls to Use NSO Spyware to Combat Organized Crime in Arab Community 'I Don't Want to Discard the Tool Itself',none,Haaretz,Israel,Middle East,MENA,https://www.haaretz.com/,20220209
Republican leader McConnell criticises his party for censuring Capitol riot critics,none,The Hindu,India,South Asia,Asia,https://www.thehindu.com/,20220209
"Cummings Lodge businessman charged with conspiracy to defraud, armed robbery 2 h ago",none,Stabroek News,Guyana,South America,Latin America,https://www.stabroeknews.com/,20220211
"A revolution against the movie Ashab, Wala Aaz",none,Arab Times,Kuwait,Middle East,MENA,http://www.arabtimesonline.com/news/#,20220211
"Courts approve release of protest leaders Panupong, Jatupat",none,Bangkok Post,Thailand,Southeast Asia,Asia,https://www.bangkokpost.com/thailand,20220211
Fringe communist parties protest against MCC again,none,The Himalayan Times,Nepal,South Asia,Asia,https://thehimalayantimes.com/,20220211
Turkish opposition head refuses to pay power bill in price rise protest,none,Gulf Daily News,Bahrain,Middle East,MENA,https://www.gdnonline.com/GroupSection/News,20220211
"Before hijab standoff, an anti-rape protest, faith, political rivalry",none,Indian Express,India,South Asia,Asia,https://indianexpress.com/section/india/,20220211
Story about Children‚Äôs Sandals in the War,none,Sarajevo Times,Bosnia and Herzegovina,Southern Europe,Europe,https://sarajevotimes.com/,20220211
The Real Russia. Today. Minecraft ‚Äòterrorism‚Äô,none,Meduza,Russia,Eastern Europe,Europe,https://meduza.io/en,20220211
"Sharjah Light Festival: Riot of colours, mesmerising music; 9 iconic buildings lit up",none,Khaleej Times,UAE,Middle East,MENA,https://www.khaleejtimes.com/uae,20220214
Kidnapped Syrian child Fawaz Al-Qteifan released after three-month abduction,none,Syria Times,Syria,Middle East,MENA,http://syriatimes.sy/index.php/news/national,20220214
"Love Hostel trailer: Vikrant Massey-Sanya Malhotra are on the run, hunted by merciless mercenary Bobby Deol",none,Hindustan Times,India,South Asia,Asia,https://www.hindustantimes.com/,20220214
"PANORAMA: Uganda to pay DRC Shs226Bn annually for killing, looting",none,The Daily Monitor,Uganda,East Africa,Africa,https://www.monitor.co.ug/,20220214
Germany Leader Heads to Kyiv to Calm ‚ÄòCritical‚Äô Russia War Threat,none,Kyiv Post,Ukraine,Eastern Europe,Europe,https://www.kyivpost.com/,20220214
SBU says causing panic is another wave of hybrid warfare,none,Ukrinform,Ukraine,Eastern Europe,Europe,https://www.ukrinform.net/block-lastnews,20220214
Putin‚Äôs War Plans Are Far From Popular,none,Gazeta Tema,Albania,Southern Europe,Europe,https://www.gazetatema.net/eng/,20220214
"New German FM sets human rights as basis for ties, Egypt highlights role in curbing illegal immigration, terrorism",none,Egypt Today,Egypt,North Africa,MENA,https://www.egypttoday.com/Section/News/1,20220214
"At a Village Market, Kosovo‚Äôs Ethnic Tensions Fade Away",none,Balkan Insight (North Macedonia),North Macedonia,Southern Europe,Europe,https://balkaninsight.com/all-the-news-from-north-macedonia/,20220214
Putin May Still Decide Cost of Ukraine War Is Too High,none,Haaretz,Israel,Middle East,MENA,https://www.haaretz.com/,20220214
Images from Russia: The night the war threatened; Ukraine is not on NATO agenda PHOTO,none,b92,Serbia,Southern Europe,Europe,https://www.b92.net/eng/,20220216
Walking into a coup d'etat ‚Äì internal conflict,none,Mmegi,Botswana,South Africa,Africa,https://www.mmegi.bw/,20220216
Jury finds Altaf Hussain not guilty of encouraging terrorism in Karachi,none,The News International,Pakistan,South Asia,Asia,https://www.thenews.com.pk/latest/category/national,20220216
UK court acquits Altaf Hussain in 'encouraging terrorism' case,none,Dawn,Pakistan,South Asia,Asia,https://www.dawn.com/pakistan,20220216
"Osun paid students N1m to protest against NSCDC, group alleges",none,The Punch,Nigeria,West Africa,Africa,https://punchng.com/,20220216
"Ukraine: Legacy of Trauma, Generations of War, Future of Hope",none,Kyiv Post,Ukraine,Eastern Europe,Europe,https://www.kyivpost.com/,20220216
Taiwan shares make strong comeback amid eased geopolitical tensions,none,Focus Taiwan,Taiwan,East Asia,Asia,https://focustaiwan.tw/,20220216
Poland braces for potential Ukrainian war refugees,none,Polskie Radio,Poland,Eastern Europe,Europe,https://www.polskieradio.pl/395,20220216
Will Sheikh Jarrah trigger another Israeli-Palestinian war? - analysis,none,The Jerusalem Post,Israel,Middle East,MENA,https://www.jpost.com/,20220216
BLM activist charged in murder attempt of Jewish mayoral candidate,none,The Jerusalem Post,Israel,Middle East,MENA,https://www.jpost.com/,20220216
News digest: Protest of hauliers to block border crossings,none,The Slovak Spectator,Slovakia,Eastern Europe,Europe,https://spectator.sme.sk/,20220216
Biden to Putin: Step back from the brink of war with Ukraine,none,VnExpress,Vietnam,Southeast Asia,Asia,https://e.vnexpress.net/,20220216
Must learn to be less thin-skinned: Tharoor on India lodging protest over Singapore PM's remarks,none,The Hindu,India,South Asia,Asia,https://www.thehindu.com/,20220218
How Canada‚Äôs Truckers Protest Reawakened my Venezuelan Trauma,none,Caracas Chronicles,Venezuela,South America,Latin America,https://www.caracaschronicles.com/,20220218
Cabbies at war over high fares,none,Jamaica Star,Jamaica,Caribbean,Latin America,http://jamaica-star.com/,20220218
"Russian demands hark back to Cold War, says Germany",none,The Star,Kenya,East Africa,Africa,https://www.the-star.co.ke/,20220218
‚ÄòNo benefit‚Äô for China‚Äôs Taiwan claim in Russian war with Ukraine,none,The Star,Malaysia,Southeast Asia,Asia,https://www.thestar.com.my/,20220218
NA panel okays disputed NAB bills amid opposition protest,none,Dawn,Pakistan,South Asia,Asia,https://www.dawn.com/pakistan,20220218
"US will monitor Kuwait on laundering, terror funding",none,Arab Times,Kuwait,Middle East,MENA,http://www.arabtimesonline.com/news/#,20220218
Khalid Saifi to court: Prosecution trying to communalise riots case,none,Indian Express,India,South Asia,Asia,https://indianexpress.com/section/india/,20220218
Dutch try Afghan 'prison chief' for war crimes,none,Jordan Times,Jordan,Middle East,MENA,https://www.jordantimes.com/,20220218
Is the post-Cold War security order changing?,none,The Hindu,India,South Asia,Asia,https://www.thehindu.com/,20220218
Libyan town awaits justice over family militia‚Äôs reign of terror,none,Kuwait Times,Kuwait,Middle East,MENA,https://www.kuwaittimes.com/,20220218
"Ukraine Tensions: Russian Demands Hark Back to Cold War, Says Germany",none,Albanian Daily News,Albania,Southern Europe,Europe,https://www.albaniandailynews.com/,20220218
"Dutch used excessive violence in Indonesian War of Independence, study says",none,The Jakarta Post,Indonesia,Southeast Asia,Asia,https://www.thejakartapost.com/indonesia,20220218
Mother of businessman abducted 50 days ago appeals to kidnappers‚Äô ‚Äúhumanity‚Äù,none,Keep Talking Greece,Greece,Southern Europe,Europe,https://www.keeptalkinggreece.com/,20220218
The Church and the War,none,Kyiv Post,Ukraine,Eastern Europe,Europe,https://www.kyivpost.com/,20220218
"Leader: Presence of people, not guns or political ploys led to Islamic Revolution victory",none,The Bangladesh Today,Bangladesh,South Asia,Asia,https://thebangladeshtoday.com/,20220218
Rasamanickam‚Äôs tweet on Kalmunai abduction false & misleading: Police,none,Daily Mirror,Sri Lanka,South Asia,Asia,https://www.dailymirror.lk/,20220221
Peter Kagwanja: Align Africa only with prosperity as US-China enter New Cold War era,none,Daily Nation,Kenya,East Africa,Africa,https://nation.africa/kenya,20220221
Protest against MCC at New Baneshwor (With Photos),none,My Republica,Nepal,South Asia,Asia,https://myrepublica.nagariknetwork.com/,20220221
"Juan Almeida, one of the Revolution‚Äôs immortals",none,Granma,Cuba,Caribbean,Latin America,https://en.granma.cu/,20220221
‚ÄòWe Are One People. Why Would We Fight Our Brothers?‚Äô Russians React to Ukraine War Threat,none,The Moscow Times,Russia,Eastern Europe,Europe,https://www.themoscowtimes.com/,20220221
Canada‚Äôs capital secured and cleaned up after weeks-long protest 4 mins ago,none,Stabroek News,Guyana,South America,Latin America,https://www.stabroeknews.com/,20220221
New war study sparks call for self-reflection,none,The Jakarta Post,Indonesia,Southeast Asia,Asia,https://www.thejakartapost.com/indonesia,20220221
"Jazz up your plain salwar kameez with bright Phulkari dupatta, see options",none,Hindustan Times,India,South Asia,Asia,https://www.hindustantimes.com/,20220221
Ministry of Labour launches hotline to report human trafficking crimes,none,Qatar Tribune,Qatar,Middle East,MENA,https://www.qatar-tribune.com/,20220221
"OSCE Red Tape and Staff Shortages Have Hampered Donbas War Monitoring, Staffers Say",none,Kyiv Post,Ukraine,Eastern Europe,Europe,https://www.kyivpost.com/,20220223
Akel to protest government‚Äôs inaction over rising prices,none,Cyprus Mail,Cyprus,Southern Europe,Europe,https://cyprus-mail.com/,20220223
Kosovo denies any claims made by Russia for mercenaries being sent to fight in Ukraine,none,Gazeta Tema,Albania,Southern Europe,Europe,https://www.gazetatema.net/eng/,20220223
Yanggang Province couple arrested and branded as political criminals for using...,none,Daily NK,North Korea,East Asia,Asia,https://www.dailynk.com/english/,20220223
Former Gauteng acting top cop had ‚Äòno early warning indicating mass unrest‚Äô,none,Mail & Guardian,South Africa,South Africa,Africa,https://mg.co.za/,20220223
The ongoing fight against child marriage and ‚Äòbride kidnapping‚Äô in Kyrgyzstan,none,Saudi Gazette,Saudi Arabia,Middle East,MENA,https://saudigazette.com.sa/,20220223
Serbian Rockets Sent to Myanmar Even After 2021 Coup,none,Balkan Insight (North Macedonia),North Macedonia,Southern Europe,Europe,https://balkaninsight.com/all-the-news-from-north-macedonia/,20220223
Students go back to Haitian school three years after gang attack,none,Saudi Gazette,Saudi Arabia,Middle East,MENA,https://saudigazette.com.sa/,20220223
Egypt denounces Houthi missile attacks on Saudi Arabia‚Äôs Jezan,none,Ahram Online,Egypt,North Africa,MENA,https://english.ahram.org.eg/Portal/1/Egypt.aspx,20220223
Ukraine war vet leaves family in Poland to return to fight Russia,none,The Jerusalem Post,Israel,Middle East,MENA,https://www.jpost.com/,20220225
Russia‚Äôs war in Ukraine: What we know so far,none,Euro News (Croatia),Croatia,Southern Europe,Europe,https://www.euronews.com/tag/croatia,20220225
Ukraine calls to ban Russia from Eurovision 2022 amid war,none,The Jerusalem Post,Israel,Middle East,MENA,https://www.jpost.com/,20220225
Bahrain set for Russell Peters‚Äô laughter riot,none,Gulf Daily News,Bahrain,Middle East,MENA,https://www.gdnonline.com/GroupSection/News,20220225
Residents find explosive remnants of war in a plot of land in Pailin province,none,Khmer Times,Cambodia,Southeast Asia,Asia,https://www.khmertimeskh.com/,20220225
"Slovak politicians denounce the war in Ukraine, but some blame the US",none,The Slovak Spectator,Slovakia,Eastern Europe,Europe,https://spectator.sme.sk/,20220225
UN chief repeats his plea to Putin to halt Russia‚Äôs war on Ukraine,none,Arab News,Saudi Arabia,Middle East,MENA,https://www.arabnews.com/,20220225
"Covic spoke about the War in Ukraine, but did not condemn Russia for its Aggression",none,Sarajevo Times,Bosnia and Herzegovina,Southern Europe,Europe,https://sarajevotimes.com/,20220225
Bulgarian Parliament Strongly Condemned the Military Intervention against Ukraine,none,Novinite.com,Bulgaria,Eastern Europe,Europe,https://www.novinite.com/,20220225
War? It could be finished in five days,none,b92,Serbia,Southern Europe,Europe,https://www.b92.net/eng/,20220228
Tourism to assess war damage,none,eKathimerini,Greece,Southern Europe,Europe,https://www.ekathimerini.com/,20220228
"EU‚Äôs Breton wants Google, YouTube to ban war propaganda accounts",none,Arab News,Saudi Arabia,Middle East,MENA,https://www.arabnews.com/,20220228
5th day of Ukraine war: Ukrainian army withstands overnight‚Ä¶,none,The Romania Journal,Romania,Eastern Europe,Europe,https://www.romaniajournal.ro/,20220228
The Muslim Reaction to the Ukraine War: From Crimean Tatars to Erdogan,none,Haaretz,Israel,Middle East,MENA,https://www.haaretz.com/,20220228
They baptized book 23F: The battle that prevented war,none,⁄ltimas Noticias,Venezuela,South America,Latin America,https://en.ultimasnoticias.com.ve/,20220228
"Ukrainian people are ‚Äútrue war refugees,‚Äù says Greece‚Äôs Migration Minister",none,Keep Talking Greece,Greece,Southern Europe,Europe,https://www.keeptalkinggreece.com/,20220228
Arabs fear for wheat supplies after Russia invades Ukraine,none,Jordan Times,Jordan,Middle East,MENA,https://www.jordantimes.com/,20220228
"‚ÄòI‚Äôve seen the corpses, but I haven‚Äôt left Kyiv‚Äô The first few days of Russia‚Äôs war against Ukraine ‚Äî through the eyes of the capital‚Äôs residents",none,Meduza,Russia,Eastern Europe,Europe,https://meduza.io/en,20220228
Turkey to implement Montreux Convention due to Ukraine war,none,Daily Sabah,Turkey,Middle East,MENA,https://www.dailysabah.com/politics,20220228
"Economic Sanctions of Pericles 2,500 Years Ago Backfired, Prolonging War",none,Greek News,Greece,Southern Europe,Europe,https://greekreporter.com/greek-news/,20220228
Some of Russia‚Äôs Elite Oppose War in Ukraine,none,The Moscow Times,Russia,Eastern Europe,Europe,https://www.themoscowtimes.com/,20220228
Ukraine War: Israeli Envoy Returns to Poland After Two Years of Diplomatic Spat,none,Haaretz,Israel,Middle East,MENA,https://www.haaretz.com/,20220228
"US, Russia share table for Iran talks despite Ukraine war",none,The Jerusalem Post,Israel,Middle East,MENA,https://www.jpost.com/,20220228
"For India, Putin's War on Ukraine Presents a Dangerous Dilemma",none,Haaretz,Israel,Middle East,MENA,https://www.haaretz.com/,20220302
"Ukraine war brings Sweden, Finland even closer to NATO",none,The Citizen,Tanzania,East Africa,Africa,https://www.thecitizen.co.tz/,20220302
Biden slams 'dictator' Putin and his war in Ukraine,none,The Daily Monitor,Uganda,East Africa,Africa,https://www.monitor.co.ug/,20220302
"US can regulate cryptocurrencies without new law, think tank says",none,The Express Tribune,Pakistan,South Asia,Asia,https://tribune.com.pk/,20220302
"Russia Slow To Win Ukraine‚Äôs Airspace, Limiting War Gains",none,Khaosod English,Thailand,Southeast Asia,Asia,https://www.khaosodenglish.com/,20220302
Israel Will Have to Make a Decision to Stand Up to Russia Ukraine War: Israel Will Have to Make a Decision to Stand Up to Russia,none,Haaretz,Israel,Middle East,MENA,https://www.haaretz.com/,20220302
Ukraine crisis shows importance of reservist training: think tank,none,Focus Taiwan,Taiwan,East Asia,Asia,https://focustaiwan.tw/,20220302
Bulgarian Ministry of Defense Denies that Bulgaria will Donate its Fighter Jets to Ukraine,none,Novinite.com,Bulgaria,Eastern Europe,Europe,https://www.novinite.com/,20220302
Cost of food production to rise due to the war in Ukraine,none,The Slovak Spectator,Slovakia,Eastern Europe,Europe,https://spectator.sme.sk/,20220302
Euro-area inflation hits record as war threatens more price pain,none,Hindustan Times,India,South Asia,Asia,https://www.hindustantimes.com/,20220302
From Shock Therapy to Putin‚Äôs War,none,The Daily Star,Bangladesh,South Asia,Asia,https://www.thedailystar.net/english,20220304
Explained | The International Criminal Court and the cases it deals with,none,The Hindu,India,South Asia,Asia,https://www.thehindu.com/,20220304
Brazil's Lula warns of dangers of new Cold War,none,Buenos Aires Times,Argentina,South America,Latin America,https://www.batimes.com.ar/,20220304
Czechs declare ‚Äústate of emergency for Ukrainian war refugees‚Äù,none,Radio Prague International,Czechia,Eastern Europe,Europe,https://english.radio.cz/,20220304
The war over nuclear power plants - how dangerous is it for Serbia?,none,b92,Serbia,Southern Europe,Europe,https://www.b92.net/eng/,20220304
MHA study finds most people from countries with drug trafficking problem believe S'pore's death penalty to be effective: Shanmugam,none,Today Online,Singapore,Southeast Asia,Asia,https://www.todayonline.com/singapore,20220304
U.N. set to hold meeting on N. Korea's latest missile launch: Seoul official,none,Yonhap News Agency,North Korea,East Asia,Asia,https://en.yna.co.kr/nk/index,20220307
How to Spot Fake News in the Ukraine-Russia Disinformation War,none,Haaretz,Israel,Middle East,MENA,https://www.haaretz.com/,20220307
Legendary tank on Kinsky Square repainted in Ukraine's colours,none,Radio Prague International,Czechia,Eastern Europe,Europe,https://english.radio.cz/,20220307
Transnistria denies preparing to join Russia's war with Ukraine,none,The Jerusalem Post,Israel,Middle East,MENA,https://www.jpost.com/,20220307
Press Roundup: The fallout of the Ukraine War on Hungary,none,Hungary Today,Hungary,Eastern Europe,Europe,https://hungarytoday.hu/,20220307
Ukraine war: Almost 600 Nigerians return home,none,The Citizen,Tanzania,East Africa,Africa,https://www.thecitizen.co.tz/,20220307
Blinken: Putin is ‚Äòdestined to lose‚Äô war against Ukraine,none,Gazeta Tema,Albania,Southern Europe,Europe,https://www.gazetatema.net/eng/,20220307
What does the Russian invasion mean for Ecuador?: Experts consider nuclear war and Putin‚Äôs position,none,Cuenca High Life,Ecuador,South America,Latin America,https://cuencahighlife.com/,20220307
"A new anti-war mural, featuring images of a¬†woman wounded after a bombing in Ukraine and the iconic figure of a naked girl fleeing from napalm in Vietnam in 1972, is drawing attention in Buenos Aires.",none,Buenos Aires Times,Argentina,South America,Latin America,https://www.batimes.com.ar/,20220307
Russia tells US to await response to 'economic war',none,The Daily Star,Bangladesh,South Asia,Asia,https://www.thedailystar.net/english,20220309
Protest against MCC continues (With Photos),none,My Republica,Nepal,South Asia,Asia,https://myrepublica.nagariknetwork.com/,20220309
"Xi calls Ukraine war ëworryingí on call with Scholz, Macron",none,Qatar Tribune,Qatar,Middle East,MENA,https://www.qatar-tribune.com/,20220309
UK Journalist Recalls Witnessing Firefight that Sparked Kosovo War,none,Balkan Insight (Serbia),Serbia,Southern Europe,Europe,https://balkaninsight.com/balkan-transitional-justice-home/balkan-transitional-justice-serbia-news/,20220309
MoFA hands over a note of protest to Russian Ambassador Bazdnikin,none,Republika English,North Macedonia,Southern Europe,Europe,https://english.republika.mk/,20220309
How Citizens of BiH celebrated the Womenís Day during the War? (video),none,Sarajevo Times,Bosnia and Herzegovina,Southern Europe,Europe,https://sarajevotimes.com/,20220309
"UAE: $1.048 billion worth of anti-money laundering, terrorism financing penalties collected in 2021",none,Khaleej Times,UAE,Middle East,MENA,https://www.khaleejtimes.com/uae,20220311
"Russia-Ukraine war could see fuel, gas subsidies hit RM28b in 2022",none,Malay Mail,Malaysia,Southeast Asia,Asia,https://www.malaymail.com/news/malaysia,20220311
Foreign Minister Highlights Importance of Intelligence amid Ukraine War,none,Hungary Today,Hungary,Eastern Europe,Europe,https://hungarytoday.hu/,20220311
State media review: North Koreans still in the dark about war in Ukraine,none,NK News,North Korea,East Asia,Asia,https://www.nknews.org/,20220311
How Russian ‚Äòsafe corridors‚Äô worked in bitter Syria war,none,Jordan Times,Jordan,Middle East,MENA,https://www.jordantimes.com/,20220311
Is Ukraine war the onset of Gog and Magog? Explainer,none,The Jerusalem Post,Israel,Middle East,MENA,https://www.jpost.com/,20220311
Guterres speaks with Bennett about Russia‚Äôs war on Ukraine,none,The Jerusalem Post,Israel,Middle East,MENA,https://www.jpost.com/,20220311
Only One Person Can Stop Putin‚Äôs War on Ukraine,none,Haaretz,Israel,Middle East,MENA,https://www.haaretz.com/,20220311
"In a Kingdom far away, effects of the war are starting to be felt",none,Phnom Penh Post,Cambodia,Southeast Asia,Asia,https://www.phnompenhpost.com/,20220311
Food prices will rise globally: Putin on western sanctions on Russia amid war,none,Daily Tribune,Bahrain,Middle East,MENA,https://www.newsofbahrain.com/,20220311
Ukraine war¬†compounds food-security woes of Middle East and North Africa,none,Arab News,Saudi Arabia,Middle East,MENA,https://www.arabnews.com/,20220311
From My Diary: ‚ÄúTo Fight Is To Believe.‚Äù Twelfth Day Of The War,none,Kyiv Post,Ukraine,Eastern Europe,Europe,https://www.kyivpost.com/,20220314
Oil falls on talks to end Ukraine war and ahead of Fed...,none,Cyprus Mail,Cyprus,Southern Europe,Europe,https://cyprus-mail.com/,20220314
Putin‚Äôs War Is Damaging the Developing World,none,The Bhutanese,Bhutan,South Asia,Asia,https://thebhutanese.bt/,20220314
War censorship exposes Putin's leaky internet controls,none,Japan Today,Japan,East Asia,Asia,https://japantoday.com/,20220314
Chiu warns China of heavy cost of war,none,Taipei Times,Taiwan,East Asia,Asia,https://www.taipeitimes.com/News/taiwan,20220314
Russia‚Äôs propaganda campaign around the war in Ukraine reaches China,none,EL PAÕS,Spain,Southern Europe,Europe,https://english.elpais.com/,20220314
Turkey needs contribution to raise awareness on anti-terror fight,none,Daily Sabah,Turkey,Middle East,MENA,https://www.dailysabah.com/politics,20220314
"Any hope of a post-Covid respite for logistics firms was destroyed when Russia invaded Ukraine, setting off a chain reaction of volatility and price increases",none,The Brazilian Report,Brazil,South America,Latin America,https://brazilian.report/,20220316
Russia Vs Ukraine; how the West conquers by ‚Äòlooting‚Äô,none,The Daily Monitor,Uganda,East Africa,Africa,https://www.monitor.co.ug/,20220316
"China having prior knowledge of, supporting Ukraine war 'purely disinformation': Chinese ambassador to US",none,Shanghai Daily,China,East Asia,Asia,https://www.shine.cn/news/nation/,20220316
Oman better armed in the fight against human trafficking,none,Times of Oman,Oman,Middle East,MENA,https://timesofoman.com/,20220316
PM Orb√°n: Hungary to Choose Between Pro-Peace Right and Pro-War Left in April,none,Hungary Today,Hungary,Eastern Europe,Europe,https://hungarytoday.hu/,20220316
When all is fair in sports and war,none,The Express Tribune,Pakistan,South Asia,Asia,https://tribune.com.pk/,20220316
U.S. Senate unanimously condemns Putin as war criminal 10 h ago,none,Stabroek News,Guyana,South America,Latin America,https://www.stabroeknews.com/,20220316
UN seeks $4.27 billion in appeal for war-ravaged Yemen (AP),none,Haaretz,Israel,Middle East,MENA,https://www.haaretz.com/,20220316
War in Ukraine: Hungary to Strengthen Border Crossing with Romania,none,Hungary Today,Hungary,Eastern Europe,Europe,https://hungarytoday.hu/,20220318
Federal civil servants threaten strike in new protest for wage increases,none,The Brazilian Report,Brazil,South America,Latin America,https://brazilian.report/,20220318
"THE FARRAPOS REVOLUTION, BRAZIL‚ÄôS LONGEST WAR OF SECESSION",none,Plus55,Brazil,South America,Latin America,https://web.archive.org/web/20160926212107/http://plus55.com/,20220318
"Greece‚Äôs handling of the war in Ukraine, its role in NATO, and more",none,eKathimerini,Greece,Southern Europe,Europe,https://www.ekathimerini.com/,20220318
"United States, Russia and Ukraine. War and sanctions (II)",none,⁄ltimas Noticias,Venezuela,South America,Latin America,https://en.ultimasnoticias.com.ve/,20220321
Will Assad‚Äôs visit to the UAE end the Arab demonic war?,none,Arab Times,Kuwait,Middle East,MENA,http://www.arabtimesonline.com/news/#,20220321
Explained | Will the war in Ukraine rattle India‚Äôs banks?,none,The Hindu,India,South Asia,Asia,https://www.thehindu.com/,20220321
"Ukraine‚Äôs celebrities are dying in the war, adding dimension to the nation‚Äôs shock",none,eKathimerini,Greece,Southern Europe,Europe,https://www.ekathimerini.com/,20220321
Russia‚Äôs war against Ukraine: March 21 ‚Äì Update No. 2,none,Kyiv Post,Ukraine,Eastern Europe,Europe,https://www.kyivpost.com/,20220321
"Police, residents differ over terrorist attack on Katsina community",none,The Punch,Nigeria,West Africa,Africa,https://punchng.com/,20220323
Those on sidelines of Ukraine war can help deliver a solution,none,Arab News,Saudi Arabia,Middle East,MENA,https://www.arabnews.com/,20220323
"From the blog of Jerusalem Jane: 'God, comfort the victims of terror'",none,The Jerusalem Post,Israel,Middle East,MENA,https://www.jpost.com/,20220323
President √Åder on World Water Day: Importance of Water Should Not Be Forgotten even during Times of War,none,Hungary Today,Hungary,Eastern Europe,Europe,https://hungarytoday.hu/,20220323
Why we need an international body to rein in hate speech during conflict,none,The Citizen,Tanzania,East Africa,Africa,https://www.thecitizen.co.tz/,20220323
Russia‚Äôs ‚Äúhybrid war‚Äù in the Western Balkans,none,Tirana Times,Albania,Southern Europe,Europe,https://www.tiranatimes.com/,20220328
"Ukraine war live: Zelenskyy calls for meeting with Putin, Russians say not yet",none,Euro News (Croatia),Croatia,Southern Europe,Europe,https://www.euronews.com/tag/croatia,20220328
"Sylva, Irabor, Komolafe read riot act to oil thieves",none,Nigerian Tribune,Nigeria,West Africa,Africa,https://tribuneonlineng.com/,20220328
War in Ukraine Caused over USD 63 Billion Damage,none,Albanian Daily News,Albania,Southern Europe,Europe,https://www.albaniandailynews.com/,20220328
China unlikely to invade Taiwan this fall: intelligence chief,none,Focus Taiwan,Taiwan,East Asia,Asia,https://focustaiwan.tw/,20220328
Zola 7 and the undying spirit of community,none,Mail & Guardian,South Africa,South Africa,Africa,https://mg.co.za/,20220328
The war in Ukraine and its macroeconomic implications,none,Cyprus Mail,Cyprus,Southern Europe,Europe,https://cyprus-mail.com/,20220328
Govt should prioritise war veterans‚Äô welfare,none,NewsDay,Zimbabwe,East Africa,Africa,https://www.newsday.co.zw/,20220328
PAULINHO DA VIOLA SINGS THE BRAZILIAN NATIONAL ANTHEM,none,Plus55,Brazil,South America,Latin America,https://web.archive.org/web/20160926212107/http://plus55.com/,20220328
War turns Argentina's shale boom dream into gas-buying nightmare,none,Buenos Aires Times,Argentina,South America,Latin America,https://www.batimes.com.ar/,20220330
Anti-War Concert in Athens Draws Thousands,none,Greek News,Greece,Southern Europe,Europe,https://greekreporter.com/greek-news/,20220330
"WGS 2022: UAE looks to 'functionally' work with Iran, says Anwar Gargash",none,Khaleej Times,UAE,Middle East,MENA,https://www.khaleejtimes.com/uae,20220330
Imran Khan ally quits coalition ahead of vote to oust Pakistan PM,none,Hindustan Times,India,South Asia,Asia,https://www.hindustantimes.com/,20220330
"War in Ukraine, day 34: Russia says it will drastically cut‚Ä¶",none,The Romania Journal,Romania,Eastern Europe,Europe,https://www.romaniajournal.ro/,20220330
"Kenya fuel crisis won‚Äôt affect Uganda, says govt",none,The Daily Monitor,Uganda,East Africa,Africa,https://www.monitor.co.ug/,20220406
Argentina‚Äôs ‚Äòwar against inflation‚Äô provokes unrest in ruling coalition,none,Buenos Aires Times,Argentina,South America,Latin America,https://www.batimes.com.ar/,20220406
"Live: Russia 'using hunger as weapon' of war, Zelenskyy says",none,Euro News (Serbia),Serbia,Southern Europe,Europe,https://www.euronews.com/tag/serbia,20220406
"BNN, RRI cooperate to accelerate war on drugs",none,Antara News,Indonesia,Southeast Asia,Asia,https://en.antaranews.com/,20220406
Lawyers petition inclusion of hatupangwingwi as hate speech,none,The Star,Kenya,East Africa,Africa,https://www.the-star.co.ke/,20220412
'The average world cost of terror reached $70B': says Social Solidarity min.,none,Egypt Today,Egypt,North Africa,MENA,https://www.egypttoday.com/Section/News/1,20220412
Ramonet: private media owners supported the 2002 coup,none,⁄ltimas Noticias,Venezuela,South America,Latin America,https://en.ultimasnoticias.com.ve/,20220412
War on triple threat against girls‚Äô future,none,The Star,Kenya,East Africa,Africa,https://www.the-star.co.ke/,20220412
Third victim of Tel Aviv terror attack a former Israeli Olympian,none,The Jerusalem Post,Israel,Middle East,MENA,https://www.jpost.com/,20220412
"India contributes USD 200,000 to UNITAD for investigation of crimes by ISIL",none,Tajikistan News,Tajikistan,Central Asia,Asia,https://www.tajikistannews.net/,20220412
"Singaporeans' trust in the govt key to handling of Covid-19 crisis, says PM Lee",none,The Star,Malaysia,Southeast Asia,Asia,https://www.thestar.com.my/,20220412
US special rep for N.Korea to visit Seoul to discuss missile launches,none,INQUIRER.net,Phillipines,Southeast Asia,Asia,https://newsinfo.inquirer.net/,20220415
Rap singer who performed at ‚ÄòGo Home Gota‚Äô protest dies of heart attack,none,The Island,Sri Lanka,South Asia,Asia,https://island.lk/category/news/,20220415
Radical Mi Haz√°nk party symbolically buried joint opposition member Jobbik,none,Daily News Hungary,Hungary,Eastern Europe,Europe,https://dailynewshungary.com/,20220415
Kfar Saba to name gallery in new soccer stadium after Tel Aviv terror victims,none,The Jerusalem Post,Israel,Middle East,MENA,https://www.jpost.com/,20220415
"Passover massacre: 20 years later, Israel's terror response has changed",none,The Jerusalem Post,Israel,Middle East,MENA,https://www.jpost.com/,20220415
'Supply fuel or go!' CS Juma reads riot act to rogue marketers,none,Daily Nation,Kenya,East Africa,Africa,https://nation.africa/kenya,20220415
"Turkish, Greek Cypriot leaders launch UN-led plan to boost women's role",none,Daily Sabah,Turkey,Middle East,MENA,https://www.dailysabah.com/politics,20220415
EXPLAINED: How the climate crisis is hitting Europe hard,none,The Local (Italy),Italy,Southern Europe,Europe,https://www.thelocal.it/,20220422
War shifts Slovaks' geopolitical views,none,The Slovak Spectator,Slovakia,Eastern Europe,Europe,https://spectator.sme.sk/,20220422
Tajik MPs raise the issue of military recruitment raid on students,none,Asia Plus,Tajikistan,Central Asia,Asia,https://asiaplustj.info/en,20220422
Czechs donating like never before to help war-stricken Ukrainians,none,Radio Prague International,Czechia,Eastern Europe,Europe,https://english.radio.cz/,20220422
"Temple Mount riot over, Border Police reservists put on immediate standby",none,The Jerusalem Post,Israel,Middle East,MENA,https://www.jpost.com/,20220422
Adam Bodnar: President Duda Decided to Further Escalate Poland's Rule of Law Crisis [OPINION],none,Wyborcza.pl,Poland,Eastern Europe,Europe,"https://wyborcza.pl/0,173236.html?disableRedirects=false/en",20220422
Ch√°vez the Radical XXVIII: 'The Empire and the Oligarchy Will Never Accept Us',none,Venezuelanalysis,Venezuela,South America,Latin America,https://venezuelanalysis.com/,20220422
New leaders take office as hope glimmers for war-torn¬†Yemen,none,Jordan Times,Jordan,Middle East,MENA,https://www.jordantimes.com/,20220422
Unhappy Jele as Orlando Pirates sunk by Simba in CAF Cup,none,The Citizen,Tanzania,East Africa,Africa,https://www.thecitizen.co.tz/,20220422
UAE condemns two terror attacks in Afghanistan,none,Gulf Today,UAE,Middle East,MENA,https://www.gulftoday.ae/,20220422
How Israel Uses Radical Islam to Justify the Occupation,none,Haaretz,Israel,Middle East,MENA,https://www.haaretz.com/,20220425
Egyptian President Sisi salutes 'souls of martyrs' on Sinai Liberation Day anniversary,none,Ahram Online,Egypt,North Africa,MENA,https://english.ahram.org.eg/Portal/1/Egypt.aspx,20220425
"Resolve Crisis in university system ‚Äì Catholic Bishop tells FG, ASUU",none,Vanguard,Nigeria,West Africa,Africa,https://www.vanguardngr.com/,20220425
"DARIYE, NYAME: Pardon was a big mistake, Retired Gen Ishola Williams tells Buhari, ex-Heads of State",none,Vanguard,Nigeria,West Africa,Africa,https://www.vanguardngr.com/,20220425
UK rationing cooking oil amid supply crisis,none,Tehran Times,Iran,Middle East,MENA,https://www.tehrantimes.com/,20220425
"Citing War, Georgia's Borjomi Suspends Production",none,The Moscow Times,Russia,Eastern Europe,Europe,https://www.themoscowtimes.com/,20220430
Some Ukrainian-Israeli Holocaust survivors feel ambivalent about their war-torn country,none,The Jerusalem Post,Israel,Middle East,MENA,https://www.jpost.com/,20220430
In debt / Vietnamese diaspora hopes Sri Lanka crisis blows over soon,none,VnExpress,Vietnam,Southeast Asia,Asia,https://e.vnexpress.net/,20220430
Dalit Christians protest against caste discrimination within Catholics,none,The Hindu,India,South Asia,Asia,https://www.thehindu.com/,20220430
Guyana inks pact with EU‚Äôs SEACOP V to fight transnational crime,none,Stabroek News,Guyana,South America,Latin America,https://www.stabroeknews.com/,20220430
Protest vote threatens ODM line up in Homa ...,none,The Star,Kenya,East Africa,Africa,https://www.the-star.co.ke/,20220430
Coup won‚Äôt solve our economic problems -Adjei Darko,none,The Chronicle,Ghana,West Africa,Africa,https://thechronicle.com.gh/,20220430
Russia‚Äôs ‚Äúhybrid war‚Äù in the Western Balkans,none,Tirana Times,Albania,Southern Europe,Europe,https://www.tiranatimes.com/,20220430
Western embassies reject Serbian PM‚Äôs protest allegations,none,Euro News (Serbia),Serbia,Southern Europe,Europe,https://www.euronews.com/tag/serbia,20220505
"North Korea fires ballistic missile towards sea off east coast, South says",none,Gulf Daily News,Bahrain,Middle East,MENA,https://www.gdnonline.com/GroupSection/News,20220505
"Toxic positivity Desperate to convince citizens the war won't change their daily lives, the Russian authorities are flooding the airwaves with ‚Äúpositive‚Äù news stories",none,Meduza,Russia,Eastern Europe,Europe,https://meduza.io/en,20220505
"Protest outside Ranil‚Äôs house, Ranil says meet me at Sirikotha",none,Daily Mirror,Sri Lanka,South Asia,Asia,https://www.dailymirror.lk/,20220508
Egyptian President Sisi directs Armed Forces to eliminate presence of terrorists in Sinai,none,Egypt Today,Egypt,North Africa,MENA,https://www.egypttoday.com/Section/News/1,20220508
Roman bust bought at Texas Goodwill for $35 reveals history of WWII looting,none,The Jerusalem Post,Israel,Middle East,MENA,https://www.jpost.com/,20220508
Croatian Prime Minister arrives in Kyiv to meet with Zelensky - Croatia knows what it is like to be under military aggression,none,The Dubrovnik Times,Croatia,Southern Europe,Europe,https://www.thedubrovniktimes.com/news/croatia,20220508
Military vehicles parade brings Plze≈à war annivesary events to close,none,Radio Prague International,Czechia,Eastern Europe,Europe,https://english.radio.cz/,20220508
Israel Can't Stop Terror Attacks by Assassinating Hamas Leader Sinwar,none,Haaretz,Israel,Middle East,MENA,https://www.haaretz.com/,20220508
2002 Coup: The Revolution Is Here to Stay,none,Venezuelanalysis,Venezuela,South America,Latin America,https://venezuelanalysis.com/,20220511
"Customs, agents at war over 15% levy, imported car price set to soar",none,The Punch,Nigeria,West Africa,Africa,https://punchng.com/,20220511
Paleopiracy revives colonialism spat over Brazil‚Äôs fossil protections,none,The Brazilian Report,Brazil,South America,Latin America,https://brazilian.report/,20220511
"Farmers, local voters stage protest against Negros Oriental town mayor",none,INQUIRER.net,Phillipines,Southeast Asia,Asia,https://newsinfo.inquirer.net/,20220511
"Nobody should cross ‚ÄòLakshman Rekha‚Äô, says Law Minister after SC freezes sedition law",none,The Hindu,India,South Asia,Asia,https://www.thehindu.com/,20220511
Pussy Riot member leaves Russia disguised as delivery courier,none,Bangkok Post,Thailand,Southeast Asia,Asia,https://www.bangkokpost.com/thailand,20220511
"The Venezuela Coup, 20 Years Later",none,Venezuelanalysis,Venezuela,South America,Latin America,https://venezuelanalysis.com/,20220511
Court reopens treason case against Czechoslovakia‚Äôs Munich-era prime minister,none,Radio Prague International,Czechia,Eastern Europe,Europe,https://english.radio.cz/,20220511
"Blue, Yellow and Green Make an Anti-War Poster Go Viral",none,The Moscow Times,Russia,Eastern Europe,Europe,https://www.themoscowtimes.com/,20220513
War Criminals Campaign for Ruling Parties in Serbian Elections,none,Balkan Insight (Serbia),Serbia,Southern Europe,Europe,https://balkaninsight.com/balkan-transitional-justice-home/balkan-transitional-justice-serbia-news/,20220513
Voice of the People: The fuel and gas crisis,none,Daily Mirror,Sri Lanka,South Asia,Asia,https://www.dailymirror.lk/,20220516
Kosovo Guerrilla Leaders Plead Innocent to Fresh War Crime Charges,none,Balkan Insight (Kosovo),Kosovo,Southern Europe,Europe,https://balkaninsight.com/balkan-transitional-justice-home/balkan-transitional-justice-kosovo-news/,20220516
Haiti ‚Äì Crisis: Kenneth Merten meets the signatories of the Montana Accord,none,Hebdo 24,Haiti,Caribbean,Latin America,https://hebdo24.com/en/,20220516
Maneuvering economic recovery amid geopolitical tension,none,The Jakarta Post,Indonesia,Southeast Asia,Asia,https://www.thejakartapost.com/indonesia,20220523
"Pope 'heartbroken' over Texas shooting, condemns arms trade",none,Manila Bulletin,Phillipines,Southeast Asia,Asia,https://mb.com.ph/news/,20220525
Yasin Malik sentenced to life by NIA Court in 2017 terror funding case | Watch,none,Hindustan Times,India,South Asia,Asia,https://www.hindustantimes.com/,20220525
Besigye protest and dealing with a tough economy,none,The Daily Monitor,Uganda,East Africa,Africa,https://www.monitor.co.ug/,20220525
NATO: We want to avoid war with Russia,none,b92,Serbia,Southern Europe,Europe,https://www.b92.net/eng/,20220525
New Turkish Cypriot govt aims to improve citizens' welfare,none,Daily Sabah,Turkey,Middle East,MENA,https://www.dailysabah.com/politics,20220525
Africa Must Digitalize to achieve Fourth industrial Revolution,none,Ethiopian Monitor,Ethiopia,East Africa,Africa,https://ethiopianmonitor.com/,20220525
Bennett Vows Iran Will Not Get Away With Terrorism Via Proxies,none,Hamodia,Israel,Middle East,MENA,https://hamodia.com/category/israel-news/,20220529
Bosnian miners protest again wage and jobs cuts in Sarajevo,none,Euro News (Bosnia and Herzegovina),Bosnia and Herzegovina,Southern Europe,Europe,https://www.euronews.com/tag/bosnia-and-herzegovina,20220529
BREAKINGÔøº Greece protests ‚Äúpiracy‚Äù after tankers seized in Gulf,none,Cedar News,Lebanon,Middle East,MENA,https://cedarnews.net/category/english/,20220529
"World Condemns War, Bukele Sees Bitcoin Opportunity",none,El Faro,El Salvador,Central America,Latin America,https://elfaro.net/es/casos/ef_english,20220529
China: The US is harmed by the Taiwan crisis,none,⁄ltimas Noticias,Venezuela,South America,Latin America,https://en.ultimasnoticias.com.ve/,20220602
Putin's turnaround in the war?,none,b92,Serbia,Southern Europe,Europe,https://www.b92.net/eng/,20220602
Israel says laser missile shield to cost just $2 per interception,none,Daily Tribune,Bahrain,Middle East,MENA,https://www.newsofbahrain.com/,20220602
Tug-of-war for FIDE top post as Africans headline candidates‚Äô list,none,Public Eye,Lesotho,South Africa,Africa,https://publiceyenews.com/,20220602
UN rights expert demands accelerated probe into Sudan post-coup killings,none,Jordan Times,Jordan,Middle East,MENA,https://www.jordantimes.com/,20220606
Mission: Confronting distortion of revolution‚Äôs identity,none,Iran Daily,Iran,Middle East,MENA,https://irandaily.ir/Service/3.html,20220606
N. Korea warns that a major crisis point in the COVID-19‚Ä¶,none,Daily NK,North Korea,East Asia,Asia,https://www.dailynk.com/english/,20220606
"Intelligence Minister: Enemies focused on popular protests, terrorist acts",none,Tehran Times,Iran,Middle East,MENA,https://www.tehrantimes.com/,20220606
Nude Activist Stages Lone Cannes Protest In Support of Ukrainian Women,none,Kyiv Post,Ukraine,Eastern Europe,Europe,https://www.kyivpost.com/,20220606
Iran‚Äôs Khamenei blames unrest on ‚Äòenemies‚Äô out to overthrow Islamic Republic 24 h ago,none,Stabroek News,Guyana,South America,Latin America,https://www.stabroeknews.com/,20220606
"Tomorrow, the associations that emerged from the KLA war will",none,Kosova Press,Kosovo,Southern Europe,Europe,https://kosovapress.com/en/,20220606
"State of Country Report recommends fighting extremism, drugs",none,Jordan News,Jordan,Middle East,MENA,https://www.jordannews.jo/Category/1/National,20220613
Human trafficking duo to stand trial,none,Gulf Daily News,Bahrain,Middle East,MENA,https://www.gdnonline.com/GroupSection/News,20220613
Biden calls for unity to address migration crisis in the Americas,none,EL PAÕS,Spain,Southern Europe,Europe,https://english.elpais.com/,20220613
Muslim world calls out radical narratives from India‚Äôs BJP,none,Arab News,Saudi Arabia,Middle East,MENA,https://www.arabnews.com/,20220613
S-400 defence missile system delivery proceeding well: Russian envoy,none,Times of Oman,Oman,Middle East,MENA,https://timesofoman.com/,20220613
Kuwait to deport Indian expats who staged protest against Nupur Sharma's remarks on Prophet,none,India Today,India,South Asia,Asia,https://www.indiatoday.in/india,20220613
DU students protest BJP spokespersons‚Äô derogatory remarks on Prophet Muhammad,none,The Bangladesh Today,Bangladesh,South Asia,Asia,https://thebangladeshtoday.com/,20220613
"PKK terrorists enemy of Kurdish people, FM √áavu≈üoƒülu says",none,Daily Sabah,Turkey,Middle East,MENA,https://www.dailysabah.com/politics,20220618
Tajik-speaking recruiters pf Islamic State terror group reportedly fundraise in Russia,none,Asia Plus,Tajikistan,Central Asia,Asia,https://asiaplustj.info/en,20220618
"The first casualty of war is, without exception, food",none,The Citizen,Tanzania,East Africa,Africa,https://www.thecitizen.co.tz/,20220618
In Photos: Russia Holds Showcase Economic Forum in War's Shadow,none,The Moscow Times,Russia,Eastern Europe,Europe,https://www.themoscowtimes.com/,20220618
EU allocates ‚Ç¨100 mln in immediate relief to Egypt amid global grain crisis: Von der Leyen,none,Ahram Online,Egypt,North Africa,MENA,https://english.ahram.org.eg/Portal/1/Egypt.aspx,20220618
India: Telangana announces Rs2.5 million ex gratia for kin of youth killed in Agnipath protest,none,Khaleej Times,UAE,Middle East,MENA,https://www.khaleejtimes.com/uae,20220618
‚ÄòWant to present the political context of the Agartala Conspiracy‚Äô,none,The Daily Star,Bangladesh,South Asia,Asia,https://www.thedailystar.net/english,20220618
Cypriots spend the least on housing needs compared with other EU states,none,Cyprus Mail,Cyprus,Southern Europe,Europe,https://cyprus-mail.com/,20220618
Lahore to observe ‚Äòlockdown' on Sundays amid energy crisis,none,The Express Tribune,Pakistan,South Asia,Asia,https://tribune.com.pk/,20220623
"Bakamla, BNPT to prevent terrorism in Indonesia's maritime territory",none,Antara News,Indonesia,Southeast Asia,Asia,https://en.antaranews.com/,20220623
A minute with Kyriaki Kouttouki Cypriot Tae Kwon Do Champion,none,Cyprus Mail,Cyprus,Southern Europe,Europe,https://cyprus-mail.com/,20220623
Chinese man sentenced to 25 years for drug trafficking,none,Khmer Times,Cambodia,Southeast Asia,Asia,https://www.khmertimeskh.com/,20220623
"No Boko Haram, ISWAP during 1993 Muslim-Muslim ticket, such can‚Äôt fly now ‚Äì Adegboruwa, SAN",none,The Punch,Nigeria,West Africa,Africa,https://punchng.com/,20220623
Hundreds protest in Tunis against president's plan for constitution (Reuters),none,Haaretz,Israel,Middle East,MENA,https://www.haaretz.com/,20220623
This is where World War III could break out,none,b92,Serbia,Southern Europe,Europe,https://www.b92.net/eng/,20220625
US-ROK missile launches won‚Äôt convince North Korea to give up its nukes,none,NK News,North Korea,East Asia,Asia,https://www.nknews.org/,20220625
Crisis brewing in Unified Socialist as 10 of its lawmakers up the ante,none,Kathmandu Post,Nepal,South Asia,Asia,https://kathmandupost.com/,20220625
Russia wants to create energy crisis in Europe: Polish PM,none,Polskie Radio,Poland,Eastern Europe,Europe,https://www.polskieradio.pl/395,20220625
"Ethiopia categorically rejects EU statement on GERD crisis, describing as ‚Äúbiased‚Äù",none,Egypt Independent,Egypt,North Africa,MENA,https://egyptindependent.com/,20220625
"Trio on charges of drug trafficking, obstruction after West Bank ganja bust 7 mins ago",none,Stabroek News,Guyana,South America,Latin America,https://www.stabroeknews.com/,20220625
Restaurant's unorthodox protest over EU's visa snub to Kosovo,none,Euro News (Bosnia and Herzegovina),Bosnia and Herzegovina,Southern Europe,Europe,https://www.euronews.com/tag/bosnia-and-herzegovina,20220630
"Russia Slashes Environmental Protections as War Rages, Economic Crisis Looms",none,The Moscow Times,Russia,Eastern Europe,Europe,https://www.themoscowtimes.com/,20220630
Berlin eyes buying US or Israeli missile defence system,none,Libyan Express,Libya,North Africa,MENA,https://www.libyanexpress.com/,20220703
"Mon Repos vendors want higher compensation, better security after losses in unrest 1 d ago",none,Stabroek News,Guyana,South America,Latin America,https://www.stabroeknews.com/,20220703
Russia claims that NATO returned to the Cold War scheme,none,⁄ltimas Noticias,Venezuela,South America,Latin America,https://en.ultimasnoticias.com.ve/,20220703
"US test of new hypersonic missile fails amid China, Russia pressure",none,The Jerusalem Post,Israel,Middle East,MENA,https://www.jpost.com/,20220703
Will Italy‚Äôs Five Star Movement split throw the government into crisis?,none,The Local (Italy),Italy,Southern Europe,Europe,https://www.thelocal.it/,20220703
GNU: Electricity crisis is caused by a shutdown of oil production and exports,none,Libyan Express,Libya,North Africa,MENA,https://www.libyanexpress.com/,20220703
Collaboration of G20 countries in handling global food crisis,none,Antara News,Indonesia,Southeast Asia,Asia,https://en.antaranews.com/,20220705
Angola eyes return to coffee glory,none,NewsDay,Zimbabwe,East Africa,Africa,https://www.newsday.co.zw/,20220705
"Australia: AUTWA stages protest on Urumqi Massacre's 13th anniversary, demands ban on Uyghur forced labour products",none,Tajikistan News,Tajikistan,Central Asia,Asia,https://www.tajikistannews.net/,20220705
The News Brief: Fiery UhuRuto war could benefit Raila,none,The Star,Kenya,East Africa,Africa,https://www.the-star.co.ke/,20220705
"People stayed in front of the government building all night, protest resumes",none,Republika English,North Macedonia,Southern Europe,Europe,https://english.republika.mk/,20220705
UK police charge 19-year-old with terrorism and explosives offences,none,Gulf Daily News,Bahrain,Middle East,MENA,https://www.gdnonline.com/GroupSection/News,20220705
Stop Joking With Coup -Kwabena Agyapong,none,The Chronicle,Ghana,West Africa,Africa,https://thechronicle.com.gh/,20220705
US reiteratres no truth to Imran Khan's foreign conspiracy claims,none,Tajikistan News,Tajikistan,Central Asia,Asia,https://www.tajikistannews.net/,20220705
Fuel increase: 6 savvy tips to make your full tank go further,none,IOL Daily News,South Africa,South Africa,Africa,https://www.iol.co.za/dailynews,20220705
Serbian Ex-Fighter Testifies in Kosovo War Massacres Trial,none,Balkan Insight (Kosovo),Kosovo,Southern Europe,Europe,https://balkaninsight.com/balkan-transitional-justice-home/balkan-transitional-justice-kosovo-news/,20220710
Industries want viable game plan‚Ä¶ as Zimbabwe loses inflation war,none,NewsDay,Zimbabwe,East Africa,Africa,https://www.newsday.co.zw/,20220710
CODEPOLA takes issue with women‚Äôs advocate on Weapons Law,none,The San Juan Star,Puerto Rico,Caribbean,Latin America,https://www.sanjuandailystar.com/all-news/categories/local,20220710
Soaked in Red ‚Äì The Bloody Messages of War,none,Kyiv Post,Ukraine,Eastern Europe,Europe,https://www.kyivpost.com/,20220710
Illegal traders invade kapenta market,none,NewsDay,Zimbabwe,East Africa,Africa,https://www.newsday.co.zw/,20220716
Sri Lanka's supermarkets run out of food as crisis worsens,none,Daily Tribune,Bahrain,Middle East,MENA,https://www.newsofbahrain.com/,20220716
"FETO threatens humanity as a whole: ‚ÄòTerrorism has no nationality, ethnicity nor religion‚Äô",none,Daily Mirror,Sri Lanka,South Asia,Asia,https://www.dailymirror.lk/,20220716
Sanctions against Russia reveal deep economic crisis in Europe,none,⁄ltimas Noticias,Venezuela,South America,Latin America,https://en.ultimasnoticias.com.ve/,20220716
"Press Roundup: Weeklies on the Ukrainian War, Sanctions, and the EU",none,Hungary Today,Hungary,Eastern Europe,Europe,https://hungarytoday.hu/,20220716
"Wanted for Drug Trafficking, Kazakh Man Arrested at Murriqan Border",none,Albanian Daily News,Albania,Southern Europe,Europe,https://www.albaniandailynews.com/,20220716
Ukrainian War Rape Victims Abandoned by Polish State,none,Balkan Insight (North Macedonia),North Macedonia,Southern Europe,Europe,https://balkaninsight.com/all-the-news-from-north-macedonia/,20220716
"Putin's war, not sanctions, hurting EU economy: Ukrainian gov‚Äôt",none,Polskie Radio,Poland,Eastern Europe,Europe,https://www.polskieradio.pl/395,20220716
Sri Lanka's political crisis: What happens next?,none,Daily Nation,Kenya,East Africa,Africa,https://nation.africa/kenya,20220716
IRMCT Principals mark the Day of International Criminal Justice,none,Sarajevo Times,Bosnia and Herzegovina,Southern Europe,Europe,https://sarajevotimes.com/,20220721
"PRIMARIES CRISIS: Ibori can never leave PDP for APC, others ‚Äî Imegwu, ex-Delta Assembly speaker",none,Vanguard,Nigeria,West Africa,Africa,https://www.vanguardngr.com/,20220721
Wickremesinghe elected new president in crisis-hit Sri Lanka,none,The Standard,Kenya,East Africa,Africa,https://www.standardmedia.co.ke/,20220721
Russia Jails Opera Singer for 10 Years Over Covid Protest,none,The Moscow Times,Russia,Eastern Europe,Europe,https://www.themoscowtimes.com/,20220721
Maduro rattles sabers over alleged death of ex-FARC‚Äôs M√°rquez,none,The City Paper Bogot·,Colombia,South America,Latin America,https://thecitypaperbogota.com/,20220721
Was it a coincidence that a drug lord was captured 3 days after AMLO met Biden?,none,Mexico News Daily,Mexico,North America,Latin America,https://mexiconewsdaily.com/,20220721
Senator Fabiola Campillai sues government for personal injury,none,Chile Today,Chile,South America,Latin America,https://chiletoday.cl/,20220728
The turbaning of a terrorist,none,Nigerian Tribune,Nigeria,West Africa,Africa,https://tribuneonlineng.com/,20220728
Policymakers are missing a crucial element ‚Äî crisis management skills,none,Dawn,Pakistan,South Asia,Asia,https://www.dawn.com/pakistan,20220728
Activists protest against Israeli settlement activity in West Bank,none,in-cyprus,Cyprus,Southern Europe,Europe,https://in-cyprus.philenews.com/,20220728
Conspiracy theories don't align with political orientation - study,none,The Jerusalem Post,Israel,Middle East,MENA,https://www.jpost.com/,20220728
Foreign Minister Szijj√°rt√≥: Hungary Should Be ‚ÄòLocal Exception‚Äô in Continental Crisis,none,Hungary Today,Hungary,Eastern Europe,Europe,https://hungarytoday.hu/,20220728
'Message of defiance': The Ukrainians getting married as war wages,none,Euro News (Croatia),Croatia,Southern Europe,Europe,https://www.euronews.com/tag/croatia,20220728
China-Africa think tanks strengthen the bonds of friendship,none,The Star,Kenya,East Africa,Africa,https://www.the-star.co.ke/,20220728
From war to peace: Vietnam's rubber sandals march on,none,VnExpress,Vietnam,Southeast Asia,Asia,https://e.vnexpress.net/,20220728
Maribor ousted from UEFA Champions League qualifying,none,Slovenia Times,Slovenia,Southern Europe,Europe,https://sloveniatimes.com/,20220728
